0.14862545471050775, 0.11991225420568348, 0.07340059217635982, 0.13317184278859953, 0.1512438776036065, 0.15502388397987354, 0.0880561235886657, 0.07232460746860414, 0.10865849412096787, 0.06853342704787772, 0.04776942206412199, 0.08746775640219036, 0.13704695973853007, 0.12579744360006812, 0.07741078238117684, 0.0583447094301987, 0.1645364268573582, 0.0891389689830635, 0.11713219253673714, 0.07107756897422797, 0.08690816034581729, 0.15043777620489235, 0.0864926659677495, 0.09054806792364337, 0.026099990055769254
 0.14999566050485108, 0.11808092302273868, 0.07824174780673546, 0.13596773453732577, 0.15617774649153582, 0.15860532555660803, 0.09182168336607394, 0.07577662309763189, 0.10870202490263842, 0.0698708122284142, 0.0545932070030528, 0.0843637212871998, 0.14173929922721215, 0.12984076654872642, 0.07986096146721136, 0.06485046905319368, 0.16573843655391535, 0.09588834792377336, 0.1246833744222173, 0.06791394866296444, 0.0925383932081602, 0.14507529311676828, 0.09229122335858192, 0.09900401931124748, 0.02594214412652002
 0.17747836590464755, 0.1356822717230491, 0.08111516731062435, 0.15572415037329704, 0.1768048862811975, 0.1817257608336233, 0.10436316013502962, 0.0835919444978589, 0.1220135815995854, 0.08097574727071986, 0.06367231526103467, 0.09528524035236048, 0.153096275970653, 0.14655240571335157, 0.09082706228474412, 0.07515428698756572, 0.18258412659595807, 0.11077654257709729, 0.1402647229738262, 0.08165319600636525, 0.1026693812856262, 0.16990461850501867, 0.10613023245207465, 0.10311214732908836, 0.02863008776865886
 0.15934495403186238, 0.12631176988582837, 0.07134951685375455, 0.1403448798249976, 0.15288288739577563, 0.16337300329195054, 0.09087826381791535, 0.06933799352321483, 0.10637740506356042, 0.06950361183643687, 0.05660863265180056, 0.08554632541625405, 0.1433766455591833, 0.13189473088439396, 0.08819054796719612, 0.06579958289520021, 0.16760590968607125, 0.09824619714111349, 0.12602076704735868, 0.07568542892632434, 0.08807134534329991, 0.1522966706113648, 0.09015644948260353, 0.09250928755860913, 0.0288381554807948
 0.14879571036941736, 0.11709442550290562, 0.0741488845093187, 0.13662452253455182, 0.14869463143641723, 0.15824263602959313, 0.09064545887467812, 0.07308099010220634, 0.10929226182123103, 0.0730391569593761, 0.05000692297459419, 0.0840553538225231, 0.137699342909311, 0.1326454873834116, 0.0829368102058802, 0.06569493551581933, 0.15927004863483105, 0.09603194247437406, 0.12233719529642857, 0.06478764682814821, 0.08488981027891736, 0.14890863091593232, 0.08888216565587485, 0.08916863034081801, 0.03090247413811948
 0.15082566697252311, 0.11430589431963162, 0.06959119259389686, 0.1294785898533291, 0.14189937917866377, 0.15040511372802867, 0.0933569838356045, 0.06760687917987074, 0.10423401572205217, 0.07120896070799716, 0.04584045070368733, 0.08492177329188069, 0.1273532738463849, 0.1254367355200079, 0.08262042696303225, 0.06227338123688308, 0.1541332575874484, 0.09251957615009207, 0.12100568115333464, 0.062385793829775646, 0.07924101087743658, 0.14171239048996445, 0.0857528980449776, 0.09313668884309335, 0.02879397533883131
 0.16219102046608802, 0.12434467442758174, 0.07915554648680426, 0.14633800245799566, 0.15706849627528607, 0.16881914988194446, 0.10074007623250529, 0.07297656910674155, 0.10847773045862635, 0.07108362187630252, 0.054948905738306665, 0.0897925151356673, 0.14214375947002772, 0.13801210901192432, 0.08485432530297947, 0.06772713693901207, 0.17840597652609436, 0.10276244892040576, 0.12762248116613514, 0.07632892540080866, 0.08970778362580764, 0.15736495759917285, 0.09706993294519078, 0.09465705318068815, 0.02460714929941359
 0.17088516068882445, 0.13933224243914355, 0.08591971059777773, 0.1577680022087123, 0.17073486095327803, 0.17947586553317707, 0.10511788078329837, 0.07615834627451955, 0.12277170038556671, 0.07619853560438584, 0.057653393404432006, 0.09270173725274472, 0.15150985027765493, 0.15120052188387353, 0.09729530537593803, 0.0737595965456829, 0.190620301915406, 0.11001612861614816, 0.13883325003539204, 0.08312762492108523, 0.09642648409212189, 0.16483755968098682, 0.10393586190806954, 0.10708442190228255, 0.026928985603953855
 0.17820592611248037, 0.13812090015062103, 0.08198887660204711, 0.1585254694427812, 0.17970009858471092, 0.1836127376717308, 0.10771117023249273, 0.08265193237939503, 0.12342481508438419, 0.07996327438823352, 0.058611014597773514, 0.09878367848277456, 0.1526516614794068, 0.15098948823207045, 0.09470162901288191, 0.07711441835063705, 0.19303766633198638, 0.11218458302472023, 0.1390306277637822, 0.08062845584493544, 0.09801779945322973, 0.1688440119188255, 0.10659845788122808, 0.10366714805012044, 0.027304076263229424
 0.17461467176524148, 0.1393613239826346, 0.07994865442285483, 0.15411241901455452, 0.17357029720430517, 0.18373476764736818, 0.10470749206113064, 0.07650381623159958, 0.12256087532811144, 0.08262529322824223, 0.0608899145851491, 0.09740091869983956, 0.15207528142213436, 0.15113153721949185, 0.09718178900018065, 0.0734899498314497, 0.18379582439534203, 0.10216410937850631, 0.13814764518334183, 0.08106620061055266, 0.09940455801154077, 0.164951168779264, 0.10147258537517295, 0.10143529134943971, 0.027397362708489185
 0.15372978938557233, 0.11350408259912928, 0.0677944027236836, 0.13798293326219344, 0.1456494207506902, 0.1542041329410382, 0.08850045573989752, 0.07086650972786719, 0.10786041788897549, 0.07014686811076976, 0.055308146336102953, 0.08702324749203155, 0.13441614345840605, 0.13200277016774364, 0.08259682499801463, 0.06252197879479625, 0.15885852031384046, 0.08979737171926114, 0.11746713443847366, 0.06748079750348969, 0.08841478410652714, 0.14329010036344964, 0.08903909800748025, 0.0957931887342733, 0.025903336480031073
 0.1416134129813864, 0.11204047641240135, 0.06465605653308659, 0.12561143127914198, 0.14310114843103222, 0.15325382788036565, 0.09249797406365678, 0.06759619312772894, 0.09900500256466345, 0.07077092015870773, 0.04973886450730781, 0.07606810201242035, 0.12500768859818476, 0.12095922595949954, 0.07932784310619764, 0.05778390707247064, 0.15228088911565163, 0.08864914857881181, 0.11222709349295762, 0.06206812126797108, 0.08114877888665045, 0.14363229038964137, 0.08521165627605565, 0.08987027061761624, 0.024280638896558255
 0.19456582394285563, 0.1529618355318875, 0.09668741375991668, 0.18114516568751823, 0.1942010413172339, 0.20653590471876188, 0.11992502461768242, 0.09161722134635146, 0.14014596045040054, 0.09278393423327878, 0.07014830335136736, 0.10901964867846814, 0.17814087696550082, 0.173124275290161, 0.1093063819492195, 0.07630967379057924, 0.20794809037012707, 0.12232303671267171, 0.15671728075368455, 0.08824235034204031, 0.10945855821475897, 0.19026899511679052, 0.11201925187311822, 0.1218485382071385, 0.03725417896384668
 0.152066934114183, 0.11417316978632638, 0.06962655655491967, 0.13026039457307118, 0.15122325878599172, 0.15279298247242043, 0.0904935048997358, 0.06758712865127078, 0.10622370738812272, 0.06838216468489015, 0.05539127958015164, 0.08225662542697404, 0.13422211165006845, 0.13160199180123677, 0.07879725582528326, 0.05845069314796917, 0.15819320729685063, 0.09058707714728581, 0.12081556320921359, 0.0635458063743411, 0.08173823622474129, 0.14900667065770198, 0.08540686784032558, 0.0898792527147406, 0.027590241183726653
 0.17322831077327355, 0.13707771625129392, 0.08505885822083156, 0.15197146649080762, 0.17331294747636106, 0.18473024079107545, 0.10451947010022986, 0.08344833809810158, 0.12304308452758093, 0.08431455122557432, 0.055701232116357476, 0.09564973253488572, 0.1487235422744643, 0.14440690153679817, 0.09588978904761128, 0.06990616338094799, 0.18930402630799045, 0.10261383491089883, 0.14008005273123886, 0.07894563128208099, 0.0950814019086537, 0.1669218484148236, 0.09887233093726772, 0.10182293749581804, 0.03170126796155523
 0.15006544560906931, 0.11106741658751013, 0.0745894036143682, 0.13077812310298592, 0.14230632869971027, 0.148970434651522, 0.09057970077151216, 0.0688856439905896, 0.10271234171632636, 0.0658120461041703, 0.049897095848832056, 0.08348350900665387, 0.1321142010497377, 0.12630024274552104, 0.07367452932892254, 0.060378764339693, 0.15922540637294527, 0.08708700068367954, 0.11277148568156353, 0.07052257871314008, 0.07961690901566673, 0.1363587998367999, 0.08668565443641735, 0.0856943715752328, 0.02159059326572926
 0.17479812003927234, 0.13531691091948006, 0.08484058336206102, 0.1531346931592251, 0.17120974420960636, 0.17822808657454117, 0.10340738993684112, 0.07665408368038189, 0.12268446835742731, 0.0764394690522158, 0.056819226869863314, 0.09038558115156327, 0.14657180071519743, 0.14700797836249366, 0.09480263360051432, 0.07130674331397828, 0.185250782984864, 0.1064379806849662, 0.1329752253108641, 0.07936897566981015, 0.09750338055045384, 0.16071248924350037, 0.10521234813737641, 0.10181762814250926, 0.027579126241031822
 0.1526037237690933, 0.11860066827442703, 0.07375057921359572, 0.1404037923670363, 0.1478576604230482, 0.15842684895917847, 0.09149046188028871, 0.07339751313363209, 0.11014026499923868, 0.06742961972200368, 0.05262134297261612, 0.08762216830004627, 0.1336144452293263, 0.13097488725937498, 0.07816157790755827, 0.06375695977663484, 0.16004580225844714, 0.0954120203291774, 0.11684258136007868, 0.06594075829542773, 0.09011520371982282, 0.1458900119952447, 0.09137400766949398, 0.09450321391649928, 0.025683972729090735
 0.1955193520213521, 0.1478537743740642, 0.09396855573504888, 0.17666137658553482, 0.1924809348744606, 0.20458921049993634, 0.11415702436386407, 0.08895091751323322, 0.13185097696196205, 0.09369494828350347, 0.06290239825528668, 0.10600766894859455, 0.17248252365254058, 0.16052765319309453, 0.10597449728945114, 0.07801509217849685, 0.20102413850539266, 0.1138122263109036, 0.15658682373559635, 0.08804265428765107, 0.11090177087282291, 0.18301065151195636, 0.11764243574988446, 0.11326897833069534, 0.029485788256391286
 0.18643265469052533, 0.14054888846405758, 0.08657408128555391, 0.16769038278623266, 0.18538293026221273, 0.1869501066978182, 0.11329787900380162, 0.08189963615596546, 0.12615489224765936, 0.08035067639842204, 0.06317314050061126, 0.09920053999484145, 0.15852719148149144, 0.1613120645572545, 0.09218831083701139, 0.07390603888161945, 0.1989433564662043, 0.11073197851391021, 0.14920223310576283, 0.08100767658390161, 0.09931367867337207, 0.17686805409920922, 0.11152235337697969, 0.11021307903373014, 0.03294135121710194
 0.1698651532557554, 0.13501045344822007, 0.08568313836764198, 0.1554792406218387, 0.17299028241146933, 0.17559265717007555, 0.09956846170343683, 0.07707529479541513, 0.12092412762294563, 0.08319180386930049, 0.05542381588992379, 0.0946277520199153, 0.1520530474819945, 0.14863639386321015, 0.09182842571981144, 0.06946391665269622, 0.1860306688024556, 0.10208605527436461, 0.1336292294098633, 0.07523307032398362, 0.0969481410680211, 0.1636174559089765, 0.09995155478221601, 0.10308127620123693, 0.03391039898582196
 0.1586587854469845, 0.1269343324729482, 0.07502337181263756, 0.1412064271689324, 0.16541012007314226, 0.17002934068312003, 0.10072393574032916, 0.07229843582696607, 0.11132014167370437, 0.07899513123376227, 0.05107812617765473, 0.08714790054221352, 0.14453318702228177, 0.13958570523832056, 0.08733066427640512, 0.07094023515440821, 0.176041828362192, 0.09819202279238341, 0.1274986259724706, 0.07122213903577718, 0.08887786305754582, 0.15717236965953443, 0.09332079243711121, 0.0966141479775003, 0.025031346507449804
 0.20095123284486713, 0.15515051894760573, 0.09417705106717962, 0.1736187887633905, 0.20179913317831225, 0.21114323032502322, 0.12507199258272392, 0.09535557869531318, 0.13430266793343437, 0.09468750953353702, 0.06608586397305746, 0.10715539560212409, 0.18046476145863655, 0.175048449904893, 0.10574114473967818, 0.08548934338207755, 0.2112002228987254, 0.1194605709188021, 0.15665895859699774, 0.08875168322342677, 0.1121703641417844, 0.19132132947625524, 0.11603747424882044, 0.12525128566997767, 0.03736918293683223
 0.1956828674703337, 0.15333328884470673, 0.09009347380103278, 0.17894746747217624, 0.19248739028891235, 0.206294027915334, 0.11934985200753019, 0.08731008114113284, 0.1398637339981487, 0.08711727503549054, 0.06253030764812229, 0.10800466165263237, 0.17368725687643513, 0.17079882409153374, 0.10764937300752458, 0.08076611396824455, 0.21158368194838031, 0.11593367693756809, 0.15747657759403574, 0.08774202429081693, 0.1134061802600981, 0.19279168802834623, 0.12123070112480706, 0.11676650438494306, 0.029917873091224442
 0.1634033503011235, 0.12651790789263934, 0.08122385275446409, 0.14269052121148082, 0.16149231544529807, 0.1723783821166165, 0.09542656500690196, 0.07571129317741054, 0.10826841690749722, 0.07651327092712663, 0.0592182868533716, 0.08439882537268857, 0.13975487341593443, 0.13589021069994653, 0.08656330048306107, 0.06269849871848687, 0.1695856722439046, 0.10140857611113423, 0.13121508301047946, 0.07180224492814918, 0.08877859471779043, 0.15377691591988338, 0.0948603428942313, 0.09911583709368331, 0.0243114165648607
 0.1486146697685371, 0.11373684497671283, 0.07127409728817137, 0.13913265319504675, 0.14880475500630633, 0.1531892222983385, 0.09317530609316654, 0.06558012277296454, 0.10674543446694493, 0.066326499223134, 0.05104202883022822, 0.08608296089874122, 0.13487632732022548, 0.1274621386890792, 0.0793564298011092, 0.06476334374460523, 0.15712663930547746, 0.08874466220057077, 0.12053273119521646, 0.07108570581827378, 0.08360997893033748, 0.14023374265059804, 0.09285259428706653, 0.08764445083078894, 0.021433790187577406
 0.13062986172871027, 0.10053832265644093, 0.06056792851071083, 0.1098451270509152, 0.12585851717521657, 0.1297596063612128, 0.07871819799663358, 0.06143158290087011, 0.09100039774977105, 0.06078263244933685, 0.04436502459764953, 0.06954708417179138, 0.11295392164382964, 0.10556293780725692, 0.06461633890430056, 0.0513085717833569, 0.13397269852959334, 0.0807377553447703, 0.1006282697644944, 0.05372411691709617, 0.06845767745503668, 0.11816595093232547, 0.07736843307575772, 0.07478659011756361, 0.019369418285766226
 0.18465880423670922, 0.14241635530845406, 0.0891901039273731, 0.16668466157963252, 0.17881335675391027, 0.1878349365757783, 0.10796478572419936, 0.0834908975445054, 0.12943655805153476, 0.08468752290148639, 0.06535538181993407, 0.09851327476505113, 0.1630158878369257, 0.15830224434311863, 0.09717188413585286, 0.07387665181258038, 0.19211622927063682, 0.1072938818751573, 0.14151452276549994, 0.0819213291837292, 0.09944584018462853, 0.16908817187612482, 0.10264652878627531, 0.10737349681373361, 0.025665477761443244
 0.14888592671413672, 0.11998256342212797, 0.0773966261347458, 0.1372639691775631, 0.1513065773396013, 0.15515346448321132, 0.09096569731444416, 0.06855990056253276, 0.10863402040132931, 0.07526485493379062, 0.04829219142530752, 0.08561040401107249, 0.1323493045378067, 0.1256381546652416, 0.08054165771876835, 0.05933811172620165, 0.15960008094922234, 0.09416818257405546, 0.1195823199246647, 0.0729829873627529, 0.08752991639092023, 0.1453189041241308, 0.09542374001182373, 0.09676464892251427, 0.023636378616087774
 0.1642560800557558, 0.12835382766340436, 0.07492176011009925, 0.14873000242936293, 0.16694786010667562, 0.16849102087614548, 0.09482428508391094, 0.07465161827585551, 0.11065889140892633, 0.08032204329808719, 0.053442071746885214, 0.0913950496723315, 0.1488818835939059, 0.13667501904761578, 0.08931781664442566, 0.06449522142626368, 0.17853324251683156, 0.10306506053683946, 0.1272601301717516, 0.07269677762730377, 0.09027811008988824, 0.16125076505235497, 0.10189119066127997, 0.09838849977327573, 0.027120374242645594
 0.17603492064764018, 0.1375105259078005, 0.08011174642572734, 0.1520814882729357, 0.17410280618477264, 0.18513501443753586, 0.10899387634778428, 0.08121956379919658, 0.12480281883937794, 0.07701521926470528, 0.05811740112484354, 0.09607028003917303, 0.1505994568182801, 0.15274726605669117, 0.0888139006189934, 0.06825916536815789, 0.18922442096978043, 0.10295676935678015, 0.13788811711629645, 0.07648458451295097, 0.09350338535949633, 0.16614154972571132, 0.09871079173103978, 0.10402452145760185, 0.029209504469923202
 0.1474772349933453, 0.11898297733658574, 0.06786080410386695, 0.13580034090910525, 0.14543430793019024, 0.157262652321547, 0.09422458411512794, 0.06806424070460972, 0.10482815259039918, 0.07189698180575563, 0.04718142255866203, 0.08134741505565307, 0.13137329030299189, 0.12945183440754338, 0.08394851386451757, 0.061802913128541456, 0.16221700526621013, 0.09755976876196146, 0.12188326941021234, 0.06891858747406299, 0.09071178120007913, 0.14315661847742184, 0.0949685860800391, 0.08750759522563585, 0.02799863085013481
 0.1483409007315052, 0.11131713443013622, 0.07103177481051731, 0.12941265062063181, 0.1485606384576991, 0.14775160068541024, 0.08528148489290355, 0.0648186519942694, 0.09892374923088866, 0.0696299597940859, 0.054348730648951085, 0.0798672380322113, 0.12456388323320995, 0.12446539621646686, 0.0820690316423064, 0.056417937323531474, 0.15869827073365791, 0.08964574466681256, 0.11231909317795927, 0.06626876221799678, 0.08714475523670649, 0.13701121497032484, 0.08246304310071548, 0.08770027028342792, 0.024111336502169362
 0.16196616669196012, 0.12705664549242415, 0.07150384456416588, 0.14152976962089506, 0.15246334328918457, 0.1661974910079964, 0.09480633550530253, 0.07653124631928211, 0.10551730301019041, 0.07477202427009705, 0.055952777497258806, 0.08969475030744112, 0.1434966532648865, 0.13147663114565938, 0.08469177560358501, 0.061210882804087624, 0.16542272311592124, 0.09354207801756367, 0.12788741486569125, 0.06773061654262325, 0.08721943232810606, 0.14993054173522458, 0.09864895893527934, 0.09487805247967494, 0.027255579908060625
 0.12691473510390602, 0.1046587652597928, 0.06111813653294867, 0.11800392915379179, 0.13250387473891714, 0.13240699532879402, 0.08087887647777252, 0.06354645688310313, 0.08823131493015567, 0.057076969390439505, 0.04044483646791658, 0.06969795928501456, 0.11143559864438955, 0.11352969164158469, 0.06919667034071833, 0.057164904922987377, 0.13900816887164172, 0.07587022911472885, 0.10442942361809053, 0.05672273339743129, 0.07805099782093342, 0.12937345019604182, 0.0755165999615807, 0.07947626858336006, 0.019147369736065567
 0.17615604427084958, 0.13970380445534325, 0.08224112159959687, 0.1578666905008014, 0.16922742394961957, 0.183959205253997, 0.10638372549261352, 0.07549881771322162, 0.12058146944622576, 0.07601668832417678, 0.059018700326635594, 0.09565604510776546, 0.1477322430304525, 0.14530105425025838, 0.08712753455237889, 0.07139830539797991, 0.18929717169935706, 0.1021542126735418, 0.1339634402215118, 0.08268365783343078, 0.09661659047099416, 0.1669253783516607, 0.10480816926470696, 0.10149581856928863, 0.02741678137808766
 0.2043614771454899, 0.15835994023369618, 0.09951710077652198, 0.17705778187853835, 0.2051667635929978, 0.21504310607014465, 0.12342181124796364, 0.09647294455407014, 0.14008020936973264, 0.09244660247199583, 0.07244876552519579, 0.10476305341204278, 0.17788553286252826, 0.17811956018544411, 0.10897742435722912, 0.08718839230715088, 0.2189773704575549, 0.1279738325860393, 0.16239262645594207, 0.09460834797107347, 0.11738067148746628, 0.1948342220298028, 0.12458155910496377, 0.12122430963631461, 0.036271023747429375
 0.16277704591066308, 0.12581105649518234, 0.07781922991401184, 0.146181095902134, 0.16208426509159318, 0.16681508843747064, 0.09960058555498982, 0.07587942793026263, 0.11322190512399401, 0.07517773796904474, 0.058977775105990914, 0.0933249109550277, 0.14312564294782018, 0.13610075023570983, 0.08396158113643727, 0.07066275433805567, 0.17933310849505954, 0.1016830830057386, 0.1279401554214603, 0.07413872735274739, 0.09719770506301646, 0.16004073183892165, 0.09299475376582178, 0.10300154817435524, 0.031760247901730786
 0.16969043194588437, 0.13871929479890457, 0.07854106044653349, 0.15805628271569686, 0.17587019457841058, 0.18094975529379528, 0.1043049626253903, 0.07894353366072004, 0.11634123073703796, 0.07893887894549627, 0.054070671546994464, 0.09594727091346097, 0.157800636172388, 0.14912838497169587, 0.09654283396729696, 0.07062213061751108, 0.1814491785763374, 0.1018690233462474, 0.14166788432865915, 0.07727893279725977, 0.09840278584774328, 0.1677235829056671, 0.10047098889817638, 0.1098081407957413, 0.03150817428260739
 0.20453642201447797, 0.15630025099478262, 0.09821014317735101, 0.18618639487992858, 0.20173270177037078, 0.21119160630911288, 0.11862379868834841, 0.09101280407103057, 0.1407934548545952, 0.09174746398863139, 0.06739872405684076, 0.10732516464791217, 0.18146615689998918, 0.17802843053704676, 0.1059203979179898, 0.08553114170845326, 0.22161832125470546, 0.12706149076473905, 0.16125143666264388, 0.0893194270766682, 0.11750528680563313, 0.19627075684432543, 0.12381016674974742, 0.12251731758077751, 0.0340064819512021
 0.13991883311388104, 0.11457075097131054, 0.06886844539162043, 0.12668851834773268, 0.1442879782626428, 0.1499868264318311, 0.08483055508302936, 0.06597457290708715, 0.09488036752081867, 0.062472874879863416, 0.044587868778132964, 0.0803745238184933, 0.12356039276206549, 0.12418320803852322, 0.08077996404082607, 0.061354179911404, 0.14978764123907595, 0.084763868254766, 0.1149836164696646, 0.06729967380678678, 0.07915312604041373, 0.14203915927679353, 0.08086121378980152, 0.08759487101463269, 0.02060924089164934
 0.1459220256664348, 0.11789230411108949, 0.07164489370701431, 0.1299214227676366, 0.14850719511694035, 0.1520136227860571, 0.09201011309685833, 0.06643428847253827, 0.1008154947567643, 0.0665188676781371, 0.05231998692654067, 0.08363064036977444, 0.12983419838921628, 0.128022785355654, 0.08374732143874003, 0.06409341970299393, 0.1588829187270249, 0.09406668326459157, 0.11939564413922807, 0.06350405653874777, 0.07952920683944463, 0.1459577447721849, 0.08503197886453177, 0.0874209411939433, 0.023935754612165936
 0.1698559308700032, 0.1337253205734654, 0.0835431552203126, 0.14544264049737832, 0.17030492149670878, 0.17258298769173075, 0.1015903299199704, 0.07867338241888627, 0.12016983827599612, 0.07932603237777634, 0.05182244025231543, 0.08829574698268396, 0.14455450405923756, 0.14239450169240034, 0.08836950710147953, 0.07254698246299202, 0.1774990164222157, 0.10269817590493877, 0.13722183657595766, 0.07659057307937116, 0.09353630126931982, 0.1641320149935518, 0.0948208827658771, 0.09932159426055166, 0.02914743641949754
 0.16199241858222754, 0.12430242817509334, 0.07428820949799389, 0.1377826373419465, 0.1559375378407247, 0.16447847681304537, 0.1008813627217996, 0.06969279167419125, 0.10635959132130286, 0.07396325505621627, 0.05094820367952041, 0.090430377438918, 0.13865940566726304, 0.1402091485946895, 0.08332274412028859, 0.0660222848308204, 0.17292943011115625, 0.09866468005232461, 0.12413644363274003, 0.07671679811991221, 0.08636141051924956, 0.1517912775334303, 0.09657994333620248, 0.09219535028513574, 0.02635518597477661
 0.16578118934843664, 0.13406657584545079, 0.07744494319325501, 0.15432962227347174, 0.16358464818346347, 0.1790094153375411, 0.09797745200847088, 0.07524486364206413, 0.11629141274846741, 0.07790026811632221, 0.05266245518397812, 0.08852757486740562, 0.14940588058557638, 0.14616970126073686, 0.09277732589767285, 0.07331008855642507, 0.1766823942936781, 0.10221025679405614, 0.132981021076926, 0.07668259530175926, 0.09789302652044378, 0.16173213209424844, 0.0971674996219827, 0.10658832969772723, 0.030618372033902285
 0.1561749781541579, 0.1241087338510135, 0.0787025125469119, 0.14221791422359942, 0.16138200743912423, 0.16752155612167913, 0.10036135763885538, 0.07492432943179182, 0.11199602010930078, 0.07704510751408973, 0.05009708621911298, 0.09171365069155059, 0.14023025613756965, 0.13869916070368787, 0.09047314611508303, 0.07125384886272944, 0.17774909914573123, 0.0973491240470926, 0.1288286164103338, 0.07497839853452412, 0.09548751663506035, 0.15327249765899667, 0.09195984368230539, 0.09425833869943513, 0.022983997587451042
 0.16591675442972736, 0.1252551002144894, 0.07370758442530205, 0.14354901909631657, 0.16325234210232267, 0.16625593478551978, 0.09896699839827487, 0.07642774443204313, 0.11370408643781621, 0.07445373777254788, 0.05008683976260767, 0.08712462603453214, 0.14478975199156552, 0.13652530252699596, 0.08858577612788475, 0.0686496281438453, 0.1757603704249317, 0.1007231827483243, 0.13066258289202487, 0.07033373961990229, 0.08897960538772816, 0.15136962747963165, 0.09871764282714332, 0.09763386183782093, 0.030234873635177118
 0.1381447295450851, 0.10858661832389517, 0.06887783915247611, 0.11835352511683006, 0.13314845221065294, 0.14137888115319455, 0.08541708978180575, 0.06825566418614322, 0.0933355470113286, 0.06426945878442586, 0.04931751262161349, 0.07527109248233796, 0.12224429798254932, 0.11686134576057854, 0.0685527625384653, 0.058559984529606916, 0.14231892131293863, 0.0866270431543184, 0.10429311862960154, 0.06684031495836106, 0.07624652399240131, 0.12938112287784, 0.0805918165957045, 0.08429182010000952, 0.02554353704984953
 0.19290952014765556, 0.14884536544121044, 0.09471607182984175, 0.17350054987010044, 0.19249923097959956, 0.19743771604316276, 0.11193354030389281, 0.08499320374850089, 0.12981457516417963, 0.08973573638828357, 0.06656440467752504, 0.10700177145627257, 0.17030566828007102, 0.15993976413397457, 0.10025452964080571, 0.07447501775227926, 0.20393999618379374, 0.11431868219683776, 0.15307983474721798, 0.0861632726795263, 0.10387716156511823, 0.18734074282502292, 0.11160279506850189, 0.11902149391158477, 0.03229904451740026
 0.21526815577370664, 0.16512263437670088, 0.10401196020196878, 0.19683047324970787, 0.2137705258113306, 0.22707937503282194, 0.13221462825680913, 0.09912423623650375, 0.14849627028657147, 0.10299202113234403, 0.07337131849953019, 0.11874343007359174, 0.18946257283507542, 0.18058654453546508, 0.11120009910262477, 0.0909348631554146, 0.23300203882766302, 0.13003207044135637, 0.17213138507488832, 0.09188666050948609, 0.12345363696173828, 0.20838467592529086, 0.12975259381709092, 0.1305740696526173, 0.04048044782144465
 0.20289291561457667, 0.1577463540699832, 0.09430122453584669, 0.17462203684900318, 0.19324570904507457, 0.2092187070411287, 0.12225097981287641, 0.09323122701125104, 0.135460374219482, 0.08936572689636388, 0.0653754091067588, 0.10744103221991134, 0.17920890170546463, 0.16808598138407407, 0.10585281944368703, 0.08359998505714016, 0.2176495685461228, 0.12140055631072626, 0.1612043144375704, 0.08561519579882895, 0.11623676216271557, 0.1866652236413542, 0.12248231281067382, 0.12523275621638175, 0.038133100733525875
 0.1601820677714488, 0.12831406518198155, 0.07383603796011762, 0.14064854971107738, 0.1621346291636767, 0.16592095129914755, 0.09511653509940629, 0.07340539322690566, 0.11550068290619357, 0.07149976237222523, 0.05699343997038227, 0.08726170814574255, 0.14356072347560267, 0.1412839737075377, 0.08722606889602479, 0.07122365451261256, 0.17532890103579657, 0.09828494926946364, 0.1289367784116722, 0.07633962124121947, 0.0955537708419571, 0.15470861658387053, 0.09165106174622197, 0.09510599719895912, 0.029790616223629402
 0.15954389447094672, 0.1293405813471073, 0.0773401034119468, 0.13825568605706212, 0.1587316642944601, 0.16501460919621433, 0.093503295125301, 0.07229318007371001, 0.11013301286937495, 0.07897178673225293, 0.05900714377475415, 0.08229407742576457, 0.1372288423975224, 0.13824940866644006, 0.08550966874288812, 0.06592936714898612, 0.1733057599129728, 0.09344043670146553, 0.1251597699394526, 0.07296263322275465, 0.0949869598885631, 0.1509464111965025, 0.09914918924711012, 0.09288599402504906, 0.027280607337981377
 0.1894097266032174, 0.14922248011778583, 0.08433360276570029, 0.17254211320838014, 0.18627000180064116, 0.1984681631934954, 0.1157103442114569, 0.08379006963032769, 0.1291590490637341, 0.09125241584584515, 0.059949864176640305, 0.09875573888187122, 0.16626056260183839, 0.15964614561343235, 0.10286723145173342, 0.0758437377675801, 0.2016665260540773, 0.1136400211402473, 0.1445337713466714, 0.08668165623346076, 0.10760865536876771, 0.178680058135931, 0.108374414567599, 0.11780078907862167, 0.03402046821506448
 0.18636329362550003, 0.14315949772265962, 0.08691711752499391, 0.17008415403348004, 0.1890823302354769, 0.19752908595170704, 0.10840480825610005, 0.08545562727910018, 0.13275559917859867, 0.08953514316072703, 0.06510907544206475, 0.10037349995108971, 0.15991929057872498, 0.15808600014576996, 0.09771883039558274, 0.07570967084309752, 0.19876283647327195, 0.11795729426827327, 0.15150262846872198, 0.08225138185484938, 0.10037321154176604, 0.1810022775159116, 0.10788589314073742, 0.1122853125432404, 0.03568978019676983
 0.16738005768692327, 0.13239604630835541, 0.07779085682300375, 0.14650846031925865, 0.16123021606517302, 0.17520067593965982, 0.10193460984732239, 0.07780091697637455, 0.11930889688772209, 0.07755763442125033, 0.054806914936668366, 0.09492377064841456, 0.14300392945536317, 0.14560671529215727, 0.08954068357555232, 0.0675575904712049, 0.17425509655786797, 0.09831248956383389, 0.1356355112636775, 0.0772028389428542, 0.09235491045231284, 0.15568106391073017, 0.10023779618197855, 0.09987442212373365, 0.03080330716491637
 0.2061588515210241, 0.1598851829301943, 0.09464678159780208, 0.18639733561198396, 0.20450298615746965, 0.2140253194852172, 0.1268662257838636, 0.09632960872924268, 0.1372763008014987, 0.09901275003770671, 0.06802115163864411, 0.11525483136294896, 0.1856936955524007, 0.1777426578768525, 0.1059750693989859, 0.08023927396298404, 0.2220975758234418, 0.1278721766316382, 0.16472534296454525, 0.08951065621975163, 0.11801038148095405, 0.19920038943408033, 0.11947289754332155, 0.12590277040959516, 0.03691561213645685
 0.14302034874085096, 0.10983906175361355, 0.07341547541151448, 0.13216730646841707, 0.13904248472551828, 0.1458971646350064, 0.08460355794138509, 0.06466354789693465, 0.103187903450816, 0.06664426206721666, 0.05012357515501517, 0.07549490262605058, 0.1295006544199658, 0.1180287801885694, 0.0763133568037451, 0.06299541413855815, 0.15479984820597764, 0.09151463053911844, 0.11160738696643166, 0.06365926305821883, 0.08024773027946681, 0.13604547551333943, 0.08190422246182134, 0.08278764322088868, 0.026853536591681243
 0.1278736662199613, 0.1033972673835661, 0.06836023620998262, 0.12320355316830925, 0.13421731468373796, 0.13412825231951755, 0.07640129374284418, 0.06440701422485444, 0.09033522664207151, 0.06444392893655296, 0.04131126489398679, 0.07444584653181524, 0.11263689126913243, 0.1176573149869446, 0.07046149736079055, 0.054713452629126115, 0.13928667071507497, 0.07815806289824243, 0.10626894627949522, 0.05974146075015191, 0.07979316021130282, 0.12343214013206058, 0.075942717291285, 0.07769020499386384, 0.02673575415168561
 0.18168595530788703, 0.14828520944466916, 0.09029888335560009, 0.16659184206690153, 0.17909664096977643, 0.19046381786901834, 0.11165194552144486, 0.08619130514162507, 0.1309896059666117, 0.08434779652370246, 0.06527063356199683, 0.1038185063897328, 0.16544765075621945, 0.15253131761238292, 0.10210457490812712, 0.07068401733547539, 0.20013477348750944, 0.11532923130016141, 0.142343693766455, 0.081802037274568, 0.10156617762732323, 0.1784293115056025, 0.11023774682304312, 0.10969687331571891, 0.03308894256213563
 0.16379857943313778, 0.1304026263456402, 0.07967797213790986, 0.14804650275696812, 0.16795360982162466, 0.16918865206066122, 0.10067493856455345, 0.07668961979170213, 0.11654510639391318, 0.07316437672118282, 0.05401055836364449, 0.09286582058286379, 0.15152097427845077, 0.14327634425192529, 0.08771927853750822, 0.06959899376570436, 0.1789705271299599, 0.09917473944998356, 0.13069253198049444, 0.07793767698422918, 0.09103228268143017, 0.1582491884954044, 0.10377904910203772, 0.1031236313836932, 0.03317113152726636
 0.13625091915133508, 0.11119028815674023, 0.06227110017035221, 0.11891666369630041, 0.13858767314184697, 0.14025673959390877, 0.0850562260273001, 0.06540914997080804, 0.0929105372991974, 0.06853159981747399, 0.045398645770842974, 0.07325890102962511, 0.1195123244735929, 0.11292442620448963, 0.071868017144568, 0.054477536005780904, 0.1457252852024931, 0.08655476048156409, 0.10406943824751828, 0.06411057229687735, 0.07426591102469299, 0.13500055018536686, 0.08152780043714858, 0.08507199314146527, 0.019778056800697198
 0.14817437694384172, 0.11528535421128447, 0.07312658723314225, 0.13512764505635633, 0.14625279659254803, 0.1542159404508663, 0.09599085768335815, 0.07411431310462309, 0.1032479796493699, 0.07220916963680313, 0.055584338767692955, 0.08334012368245179, 0.1358467007434597, 0.13160444089891402, 0.07856303440713215, 0.06514401267135062, 0.1642878090507598, 0.09720995065092058, 0.12002934932660862, 0.068740637457689, 0.08746609293233781, 0.1480713515480309, 0.09286834234635125, 0.09052078586903982, 0.022115939419110033
 0.1432170327992845, 0.11783644497764388, 0.0727489754114583, 0.1341122557317721, 0.139205305524922, 0.14567544271255523, 0.08922594794525898, 0.06438341060381779, 0.09763790768301986, 0.06628481404911223, 0.04544761147279083, 0.08360728980912953, 0.12935245081850297, 0.12342573591895142, 0.08092729458402576, 0.05534472804893352, 0.15234674980702545, 0.08838587601887118, 0.11533912753879375, 0.06458729614395588, 0.07954439366333302, 0.13537737301868313, 0.08639269186579067, 0.0922425938069853, 0.028149193863344642
 0.15747540485693318, 0.1257008112316985, 0.0806903065710348, 0.1469794862843077, 0.16463100993309676, 0.1654169485360985, 0.09824382215575893, 0.08022790186878266, 0.11001789754432376, 0.07136084167380949, 0.05925658770843007, 0.087695787433493, 0.14511343137196459, 0.1388886898859909, 0.08877192180691146, 0.06792539639334945, 0.17105090197639564, 0.09873364669182155, 0.13210958161811306, 0.06865239387517645, 0.09028860949854046, 0.1560567319240032, 0.09772345319360698, 0.09412816335212351, 0.030103195953663064
 0.13786488719660767, 0.11047933900692643, 0.07296397165311937, 0.12448940339724975, 0.13978664526468876, 0.15040379966618603, 0.08940709773325266, 0.061887931297236416, 0.0999585417185795, 0.0686880935824226, 0.04540972914282597, 0.075693612265516, 0.13035011129685972, 0.12660010977662786, 0.07465308803381122, 0.05446414781909155, 0.14884792901669375, 0.09178113076039902, 0.10923383061630709, 0.06561177490795649, 0.08533654549606047, 0.13516591454741722, 0.08231895046677669, 0.09015600678909445, 0.028877899441208655
 0.1450178239155388, 0.11171672284506017, 0.06603390809707171, 0.1286694253948855, 0.14166361692480292, 0.14410281615181783, 0.08415110911030244, 0.06543804512248295, 0.0978438187587468, 0.06624372443509492, 0.044035419451357194, 0.07345588795419289, 0.1301664237239792, 0.11805500810791415, 0.0715838147674779, 0.0635596465592772, 0.15718466263600372, 0.09031583277276227, 0.1095075059965386, 0.06078627139997879, 0.0769735293440399, 0.13489864012255426, 0.0833855424208814, 0.08275582612878973, 0.028673727992030842
 0.19439982478994813, 0.15256268559508057, 0.08573621477561304, 0.16834046739982078, 0.19228004548607938, 0.19373441039912082, 0.11837246054346642, 0.083883228713802, 0.13544052577188812, 0.09255843651981008, 0.0598576210153092, 0.10120773515451933, 0.1698886700749796, 0.16207679619612836, 0.097123399451675, 0.07500446729075921, 0.20435936602678045, 0.11831178760485898, 0.15426393286138712, 0.08535448154002662, 0.10385003686264285, 0.18706605314379393, 0.11288693614456077, 0.12041368877421664, 0.031915007881691874
 0.1770751869440389, 0.14061468690653342, 0.08468302082803342, 0.1588132008608191, 0.17843914950051037, 0.18025885593907248, 0.11036721875811382, 0.08281777284547817, 0.12282582094368863, 0.08072481038109462, 0.0618969799333949, 0.09584018935802177, 0.15596604903545647, 0.15118615027840224, 0.09455896377683755, 0.0747054356148821, 0.19017393297486349, 0.10775612768061599, 0.13530483466882642, 0.08400821368684737, 0.09535472743126604, 0.17352351464150523, 0.1090716148805115, 0.10664583427777488, 0.034879669552388984
 0.195926481673206, 0.15527201832157095, 0.0922914626761334, 0.17623061533950712, 0.1986504609523875, 0.20762177914867136, 0.11511750220917945, 0.09197043039370247, 0.13700825563041413, 0.09196802360249465, 0.06933941383230019, 0.11134953073323213, 0.1732762828651359, 0.169705265591421, 0.1020888065756857, 0.08415489335877208, 0.21464420361795872, 0.12024600778476072, 0.15897490932171132, 0.08662730112845353, 0.10962974706982852, 0.19432789033250797, 0.11416587315660114, 0.12137626727449319, 0.03223709239651515
 0.13168741366626768, 0.10805642699137506, 0.06664237799505755, 0.11395407347742703, 0.13001742203207206, 0.1335285586927571, 0.08247837236580567, 0.06589370136839247, 0.09385011414167961, 0.06357709541633383, 0.04660403841492476, 0.07110486391539206, 0.11693132241736262, 0.11342039600959056, 0.06909828259804793, 0.059323342082720956, 0.1371805115253763, 0.08519672946572374, 0.10071667516348173, 0.06359205552414943, 0.07146717554435653, 0.1270040540966319, 0.07449607758773477, 0.07730627520093879, 0.021730865600155882
 0.16199408082884037, 0.12559012108462927, 0.0758537631789821, 0.13988890836215345, 0.15827052822944063, 0.17288422127693007, 0.09548418668564966, 0.07596434922700208, 0.1092588627877609, 0.07768117909350267, 0.050622327004787006, 0.08901065338106078, 0.1466168653364896, 0.13916828850682553, 0.08791207168638565, 0.06227504519504953, 0.1709992249110496, 0.09700528245567545, 0.12744103044917393, 0.06874759862664036, 0.0936408610301098, 0.15634153560905176, 0.09503568543093197, 0.09838541117409023, 0.026678803489263294
 0.17524741177579103, 0.1404229987973754, 0.0887923098361297, 0.15584385707359677, 0.18091076311612844, 0.18699641523504748, 0.10742203327466411, 0.0849626293167322, 0.12740715881164533, 0.08449852530734299, 0.057092272229719986, 0.09540290042904537, 0.15795343423703206, 0.15651005625869524, 0.09996039123037462, 0.07376333243068592, 0.19479388705604186, 0.11272689706769785, 0.14093806114279236, 0.08197078631943513, 0.10407321323758495, 0.17382765974602044, 0.10225333783183573, 0.10707069885556623, 0.026042818197246416
 0.14433281312002494, 0.11264804272821337, 0.06803616569094403, 0.1337010267930258, 0.14196059616359816, 0.14800129302376533, 0.08335153767014417, 0.06818781259753637, 0.09760449123157554, 0.07103095107617698, 0.04935784373868639, 0.07809190781944972, 0.1221312174790495, 0.12073410015779043, 0.07540861154450058, 0.06328071529735001, 0.15078545139279748, 0.08514036044853751, 0.10929696937394616, 0.06158096311761777, 0.08501847361749702, 0.13916446343745914, 0.08182084941835237, 0.09109868105322043, 0.022444483280074902
 0.1756878162412725, 0.1336507537115793, 0.0859509309523674, 0.15570408708990735, 0.17308937152701273, 0.1846758780543339, 0.1091785757505834, 0.08123650127996959, 0.11620347120759432, 0.0832079466895529, 0.05865861853384805, 0.09664101202051009, 0.14926159495192332, 0.14980508612097695, 0.09327025924252393, 0.0716421416488622, 0.18339970855232612, 0.10398764655626644, 0.1410577172951931, 0.07563438348660692, 0.10063840738825229, 0.16747477729960197, 0.10562280913480665, 0.1081724018580833, 0.030531902494093988
 0.19744288415121375, 0.14796535704743535, 0.09284323897196563, 0.1711400811347717, 0.19225034527493085, 0.19876955989051473, 0.12106541754650736, 0.091472515774561, 0.12929835199790496, 0.08657179518572279, 0.06395227172028603, 0.10567375075952037, 0.17302700203371998, 0.1698854448736661, 0.10748904897769558, 0.07937488572960058, 0.2122497520183223, 0.11536001422755361, 0.1568854506399951, 0.08566830355259372, 0.1114943797563161, 0.19054156008628179, 0.11827560256962055, 0.12040467846587574, 0.031102076253490044
 0.1457871983445918, 0.11583364162555802, 0.06584307943509267, 0.12698945325457273, 0.145431168304396, 0.1470396141775696, 0.08667562581440864, 0.06440583668157579, 0.10275957699736628, 0.07285643594220712, 0.048769702909015764, 0.08070208088526923, 0.13051361616641446, 0.12889372480605882, 0.07423577207502727, 0.06081338424975671, 0.15380666648419683, 0.0861159883382316, 0.11352144404937273, 0.0675461591453975, 0.08395908757588408, 0.14170290078602127, 0.08328472901818997, 0.08473125763122255, 0.028461738492241713
 0.17274640322577867, 0.1377908022359407, 0.08765535237661794, 0.15566045261944664, 0.17716083222385395, 0.18262349510735998, 0.10753706712574859, 0.0779486840661921, 0.12281734492058553, 0.0869534699290039, 0.06093741019565433, 0.09945080798989901, 0.15754326213774716, 0.14708992461480352, 0.09722346033522995, 0.06791449621492324, 0.19352932199440226, 0.10505617655199324, 0.13920533775673102, 0.08160772654281004, 0.09927246826055049, 0.1723948511377557, 0.1082642462513278, 0.1107156874383746, 0.026909863062476485
 0.05337090858595522, 0.044449838020909724, 0.029708281034720525, 0.042726709272817465, 0.05377561365945884, 0.04759063154489375, 0.027867150117761693, 0.025513919442472565, 0.03469086200611591, 0.02214810068114028, 0.01807061545110548, 0.03336750145732172, 0.047662462641961986, 0.04352963542118668, 0.0261602678341705, 0.02233157561049014, 0.05327586303774693, 0.03590971543823352, 0.03899792916014456, 0.02346498300480997, 0.029449532073171206, 0.05029009000276357, 0.026621667602173854, 0.03457794965855762, 0.008797181808222995
 0.1834951481564827, 0.14576185645739842, 0.08210679364266162, 0.1656540586300775, 0.181095118780538, 0.1892401423786157, 0.11320276370082917, 0.08254195976535647, 0.128299086584922, 0.08755550340881599, 0.06274985810097165, 0.09585808272671151, 0.1641375377139185, 0.15707760790114914, 0.09217871999141482, 0.07068464609993547, 0.19865736819941907, 0.11191085994792714, 0.14198199328864455, 0.08260318051892802, 0.10670412864151807, 0.1748123257404032, 0.11245821804485746, 0.10705575998941547, 0.026240713170478148
 0.1977055456711081, 0.15451317539744291, 0.09056252206059923, 0.1692145312110426, 0.19567000451075128, 0.20531544661004789, 0.11213016316847733, 0.08595226166555461, 0.13296658246366955, 0.08518799518132424, 0.06695684730615215, 0.1025714769441818, 0.17371950013819973, 0.16172980472519177, 0.1035684403286583, 0.08071201428649892, 0.21241352025772156, 0.12244563861641243, 0.15740801871588828, 0.08743962721899114, 0.10684739024465151, 0.18527053884590813, 0.11345914549828724, 0.12132752536161638, 0.028614568964021467
 0.1297380043167539, 0.09933800506497588, 0.06488968619918939, 0.11418741795227788, 0.13132825243256194, 0.14263543355587366, 0.07596898403558683, 0.06586685446835089, 0.0881722055777531, 0.06005078000845998, 0.046197075717915766, 0.06752603696694726, 0.11483729494261967, 0.11372634557718332, 0.06759447300589022, 0.05040879908405379, 0.1373488590146148, 0.08237055805899, 0.10553864833567919, 0.06271409342882685, 0.08032133784437487, 0.12342431956887401, 0.08260981316380685, 0.0803602575272595, 0.018697716688854157
 0.19105478199374828, 0.14784711640945059, 0.09014090443077585, 0.1699167211004677, 0.18883250903739693, 0.19567958850339015, 0.11413380950956388, 0.08412223810559874, 0.12916985387820037, 0.08648262781794802, 0.05902050134246474, 0.1052636575801769, 0.1627767109425196, 0.15650389963242864, 0.0974911936097742, 0.07729327291037, 0.2026078825120828, 0.1177018110222322, 0.14693923917376375, 0.08146203092509874, 0.10675137199881295, 0.17500193176811898, 0.11476786665871644, 0.10972329981096196, 0.03586954747241395
 0.10808475419278038, 0.08545932079979558, 0.049392423327637255, 0.09864324070235077, 0.1065375230132951, 0.11991778201176391, 0.06819490526624711, 0.04885909756327027, 0.07411221928191951, 0.05139527672500701, 0.04012108898211833, 0.05785717314047876, 0.09607938640071571, 0.09105223767555946, 0.055362873958222814, 0.04573445219124967, 0.11649228491545018, 0.0667579933788996, 0.09259802101887679, 0.051796413011289295, 0.06566575828992706, 0.106387709974123, 0.06921333931492779, 0.0639816542134568, 0.017033617957747164
 0.17102546063527288, 0.1368411347384385, 0.0810406387987729, 0.15595521005700466, 0.173128232769119, 0.17764738841348732, 0.10295648815795724, 0.08227715534092987, 0.1147340016058061, 0.07565750146169935, 0.05835324226436034, 0.08930294116703852, 0.14542134581132865, 0.14855110676809918, 0.09085192459156238, 0.07221993089691658, 0.1778452937469355, 0.10567342568110406, 0.13343520393184644, 0.07927759921496887, 0.09702806908766123, 0.15879833882404168, 0.09834211937500706, 0.10219854059035854, 0.03077246860901057
 0.1426931707790978, 0.11795504453090479, 0.06686539577749849, 0.13107487623020714, 0.14924766734708056, 0.15601351048075426, 0.09297057700138604, 0.06765661550574957, 0.10634330033932775, 0.07216355106621841, 0.05512792842505828, 0.08119589593531785, 0.1323180771080427, 0.12274742874279193, 0.0784535191082194, 0.05730548604096929, 0.15488562454918542, 0.08993380673987635, 0.11283372754731048, 0.07237671537512093, 0.08893520025068787, 0.1422990239857635, 0.08933061247237022, 0.08762746632560862, 0.027116179415732196
 0.15825719138769306, 0.12311136973476179, 0.07391032514813037, 0.139677398463722, 0.1538483589411735, 0.16627558496965641, 0.09536906420827314, 0.07345128649210063, 0.11007877281708958, 0.07308427884390538, 0.05610621948225568, 0.08105380659454325, 0.13515060008028498, 0.13708830273002795, 0.08128894968833428, 0.060362772111448665, 0.1674000343989291, 0.09965592365757787, 0.12149968060413022, 0.07603653826328606, 0.08473177958135113, 0.15066464727769802, 0.0959420328302924, 0.09660661626203013, 0.029789651232349716
 0.17722823567512522, 0.1363313935787413, 0.08684170585207726, 0.15380376766353285, 0.17737975666213257, 0.17863206316264732, 0.1064836837892017, 0.08123016175351463, 0.12092043593111043, 0.0853116718752517, 0.054266537142875146, 0.09830694470610392, 0.15012214954930816, 0.15178399643744708, 0.0914067715251566, 0.07057035006439716, 0.1893720359767706, 0.10843865521696747, 0.13552821088045167, 0.07409905151737793, 0.10037117072355656, 0.16399535296203926, 0.10504321074228648, 0.10915039787318224, 0.028180765121201642
 0.1681561197693868, 0.1294414555741128, 0.08170840620018732, 0.1471061930487675, 0.16876912628278978, 0.1698675201190579, 0.10233756312054038, 0.07194549908832984, 0.11921744386318757, 0.079442147501809, 0.05213782350875436, 0.0944734877802611, 0.14418275354580357, 0.13769306333652032, 0.08866986935820333, 0.06548459513834305, 0.1788851855415422, 0.09848814943464496, 0.1351870564612924, 0.07067101613628603, 0.09564549374028693, 0.1565460923512421, 0.09457126575301095, 0.10350554059705276, 0.03309862542078917
 0.16248051972404215, 0.12260771640038022, 0.07722088015030965, 0.14683811271380545, 0.16130486953132697, 0.16605192602182037, 0.10128631459653568, 0.0751639744787782, 0.11463594133312, 0.07869992738694512, 0.05219938426370709, 0.09164506648748579, 0.13983309544533437, 0.1380300736299898, 0.08310747144991877, 0.06635213233683024, 0.1743651540428487, 0.0963166560398817, 0.12611673607783946, 0.07802340718873561, 0.09581362348289811, 0.15406681705841993, 0.09590208790787895, 0.09933311921598063, 0.028618509975302815
 0.15036626623882754, 0.12295183391589139, 0.07433906074779643, 0.14004605029042716, 0.15798074352863678, 0.16069249256968443, 0.09707774428662819, 0.07122639291851006, 0.10560576200079635, 0.07357169550045138, 0.05473863154105053, 0.08230811941209293, 0.13491816008075402, 0.12860097581242613, 0.0860572892643703, 0.05997232950612783, 0.16621699808833618, 0.09583334934098332, 0.12523303938120106, 0.07219216741093964, 0.08577503973893259, 0.14601739667074048, 0.0970508040088382, 0.09618784159398565, 0.03086220874063138
 0.1837697267263193, 0.14278774460719154, 0.08330353587334166, 0.16462321035739527, 0.18051429157520055, 0.18435130590162527, 0.10893788938576277, 0.08041946048085417, 0.12636341729416067, 0.08286484995941484, 0.06465212787733748, 0.09708736020699799, 0.15978402066959396, 0.14895221496958408, 0.09506603616249547, 0.0702142760028556, 0.19123930120674765, 0.11085842306600752, 0.14084931771198378, 0.08465795979664718, 0.10588141688722345, 0.1697936651553157, 0.10529136315082169, 0.11340785308393492, 0.033505260668810946
 0.1765432070749577, 0.14090037452558488, 0.07973211383110523, 0.1584061823353506, 0.17631927688577342, 0.17918099567094742, 0.10705016307712366, 0.08524833843208662, 0.11937969823172175, 0.08259954013757366, 0.0615316040673436, 0.09932691232918904, 0.15480351081404162, 0.14881917494532165, 0.0933555091108719, 0.0743316499324794, 0.18507487725948527, 0.10478084034313899, 0.13618235096054485, 0.07757630933287893, 0.10268455698464658, 0.171711869462267, 0.10928413026106033, 0.1028806617902653, 0.026327089126973565
 0.1707910721932471, 0.13709573931157137, 0.08228817609872735, 0.15672097306516042, 0.17144445547720744, 0.17273395862420987, 0.0988062104094688, 0.07904203737436129, 0.11645899679554127, 0.07679377728645702, 0.0571869586762501, 0.09346779001422688, 0.14508366255029953, 0.14374897457457575, 0.08554417914145933, 0.07360647184338505, 0.18464453513766815, 0.099276878131842, 0.13665217721075265, 0.0748033714362831, 0.10043187389204418, 0.16326456945121284, 0.10360488679384962, 0.10210601442802517, 0.026295066981572725
 0.13427401790419602, 0.1107978642579977, 0.06722433381319992, 0.11969705902043572, 0.13262574388741075, 0.13987617552502477, 0.07917986425153216, 0.06712448360519051, 0.0946451058247951, 0.05988781092135873, 0.04833780443840187, 0.07300525320897214, 0.1168394161181492, 0.1196263865071309, 0.07515588656240396, 0.054688670895414196, 0.15073995069086507, 0.08058159489809284, 0.1085718338877513, 0.061416835384315166, 0.08114801434720754, 0.12807990966703936, 0.08194074630180267, 0.08397660076324896, 0.02208855066894068
 0.16024197875220075, 0.12686858338184467, 0.07183134046035144, 0.14607080535262926, 0.15988940805304439, 0.16146847729924466, 0.09706313559174912, 0.07301002854395966, 0.10876568497544886, 0.07233451995047774, 0.05567086674165044, 0.08972716875201613, 0.13784952517233415, 0.13918198619870306, 0.08671201949636483, 0.0636268255916013, 0.1686272834210714, 0.10238830853013002, 0.12790590664485585, 0.07596202066978733, 0.08799474577316294, 0.15197447496490174, 0.09968898932672635, 0.09888724628022469, 0.027754081547060428
 0.14949964812762198, 0.11683365375725734, 0.06866276469691895, 0.1266400080853663, 0.1429456165442001, 0.1532590645591321, 0.08929537119638632, 0.06982966654841456, 0.10193158659274332, 0.06572636288701644, 0.0513981051472716, 0.07505701515088473, 0.12880930826307557, 0.13073773195119812, 0.0768709488081369, 0.06444228250862591, 0.15531848089731135, 0.08590091636035094, 0.11478781025428335, 0.06937221526188796, 0.0810495484377088, 0.13981040989666796, 0.08893518525231477, 0.09033852106123212, 0.03007513358601641
 0.15493080468783546, 0.11983645093897625, 0.07493461581543416, 0.1403594142167681, 0.15305988834486406, 0.16933311889960573, 0.09653070726699114, 0.07236580422743909, 0.11470149772005696, 0.07633819327283456, 0.05278829410158111, 0.0819903578319707, 0.14526126332446818, 0.1410952354263691, 0.08196653505246608, 0.06686729408000107, 0.17398465587442452, 0.09342007746363366, 0.12533886177963338, 0.07298216922083661, 0.08951694349645745, 0.15188558755502726, 0.09113874074446923, 0.10108602916745354, 0.024430835000447747
 0.15970256921690557, 0.11902107243653501, 0.07354058041509641, 0.13804321594032543, 0.15613740603061238, 0.16487570597973186, 0.09551519131316386, 0.07416906550427778, 0.10487628561308268, 0.07699215890587148, 0.049617940270160796, 0.08652763230699317, 0.13483149171733955, 0.13657443716716627, 0.08467904553939141, 0.069557116069836, 0.16501244599787634, 0.0973957517818609, 0.12115774137888832, 0.06705627944738542, 0.08989734638296933, 0.15032994482835163, 0.0980396297911797, 0.09974145876101144, 0.02361546183183995
 0.14802133461681932, 0.10917173270770543, 0.07403802628047414, 0.125799506849542, 0.1396183008736607, 0.1522592312520252, 0.08444817405717304, 0.07273989732186872, 0.1024052766891659, 0.06551182409993091, 0.046763154823506736, 0.08318058208572764, 0.13024805838616588, 0.12793114722203208, 0.07850506473147963, 0.06196219810475874, 0.15432605322703805, 0.09344369277904906, 0.11586470266347873, 0.06404311221050632, 0.08027411879583438, 0.13551989990731572, 0.08469795741610169, 0.08562059664890531, 0.023771698534797474